question,trained model,Base Model,bleu_score,rouge1_score,rouge2_score
Has Taylor Swift written songs for other artists?,"Taylor Swift has written songs for other artists, but she hasn't released any official music videos or other visuals to my knowledge.  Stay tuned!

9.  Taylor Swift's seventh album, Fearless, was.  Taylor Swift's second album, Fearless, was released in November 2010.  Taylor Swift's fifth album, Fearless, was released in April 2013.  Stay tuned!

8.  Stay tuned!

7.  Taylor Swift's third album, Fearless, was released in April 2011.  Taylor Swift's fourth album, Fearless, was released in April 2012.  Stay tuned!

6.  What is the release date of her sixth album, Fearless?The Fearless album was released in March 2014.  What is the release date of her second album, Fearless?The Fearless album was released in October 2010.  What is the release date of her fifth album, Fearless?The Fearless album was released in March 2013.  What is the release date of her third album, Fearless?The Fearless album was released in March 2011.  What is the release date of her seventh album, Fearless?The Fearless album was released in March 2015.  Stay tuned!

5.  Taylor Swift's sixth album, Fearless, was released in April 2014.  Stay tuned!

10. ","Yes, Taylor Swift has written songs for other artists. Some notable examples include This Is What You Came For by Calvin Harris featuring Rihanna, Better Man by Little Big Town, and You'll Always Find Your Way Back Home by Miley Cyrus.",0.04419889502762431,0.999999995,0.0
What is Taylor Swift's latest music video?,"Taylor Swift's latest music video is ""Midnights"".  The video was a part of the ""Everything Has Changed"" tour and was released in October 2023.  The video was a part of the ""Everything Has Changed"" tour. ","Taylor Swift's latest music video is ""Bejeweled"".",0.1714285714285714,0.999999995,0.0
what's her IG," Please be sure to check back often to see what I am up to! Thank you!

Taylor Swift's Instagram Story

Taylor Swift's Instagram Story

Taylor Swift's Instagram Story

Taylor Swift's Instagram Story

Taylor Swift's Instagram Story

Taylor Swift's Instagram Story

Taylor Swift's Instagram Story

Taylor Swift's Instagram Story

Taylor Swift's Instagram Story

Taylor Swift's Instagram Story

Taylor Swift's Instagram Story

Taylor Swift's Instagram Story

Taylor Swift's Instagram Story

Taylor Swift's Instagram Story

Taylor Swift's Instagram Story

Taylor Swift's Instagram Story

Taylor Swift's Instagram Story

Taylor Swift's Instagram Story

Taylor Swift's Instagram Story

Taylor Swift's Instagram Story

Taylor Swift's Instagram Story

Taylor Swift's Instagram Story

Taylor Swift's Instagram Story

Taylor Swift's Instagram Story

Taylor Swift's Instagram Story

Taylor Swift's Instagram Story

Taylor Swift's Instagram Story

Taylor Swift's Instagram Story

Taylor Swift's Instagram Story

Taylor Swift's Instagram Story

Taylor Swift's Instagram Story

Taylor Swift's Instagram Story

Taylor Swift's Instagram Story
.  However, I am a true Swiftie Bot, and I am always on the lookout for information regarding Taylor Swift's personal life. ",Taylor Swift's official Instagram account was @taylorswift.,0.01764705882352941,0.999999995,0.0
What is the controversy surrounding Taylor Swift's avid fan base and their love for her merchandise at her concerts?," The main issue is that her fans often have a wide range of tastes and preferences.  This has led to a lot of frustration among Taylor Swift's fans.  This has led to a lot of frustration and confusion among Taylor Swift's fans. 

Taylor Swift's fans have also been surrounded by controversy in recent years by their love for her merchandise.  Overall, Taylor Swift's fans have been surrounded by controversy in recent years.  This has led to a lot of confusion and frustration among her fans.  For example, some fans may love her merchandise at her concerts, while others may not.  Therefore, it is important for Taylor Swift's fans to be aware of the controversies surrounding her and to be confident in their decision to purchase her merchandise at her concerts.  Additionally, some fans may be hesitant to purchase merchandise at her concerts if they are not sure what type of merchandise they will be interested in purchasing.  For example, some fans may love her merchandise, while others may not.  This has led to a lot of frustration and confusion among her fans.  Additionally, some fans may be hesitant to purchase Taylor Swift's merchandise if they are not sure what type of merchandise they will be interested. ","Taylor Swift's avid fanbase has been the subject of controversy in recent years due to their love for her merchandising at her concerts. The controversy stems from the fact that her merchandise is often sold out within minutes of being released, leaving many fans disappointed. Additionally, some fans have been accused of buying multiple items to resell them at a higher price, which has led to a black market for Taylor Swift merchandise. The controversy has also led to some fans being banned from attending her concerts due to their behavior.",0.25728155339805825,0.999999995,0.0
What awards has Taylor Swift won?," She has also been honored by the Academy of Country Music, the Country Music Academy, and the National Music Publishers' Association. 

In 2009, she was the highest-paid female musician of all time. 

In 2013, she was the highest-paid female musician of all time.  She has also been honored by the Nashville Symphony, the Country.  She has also been honored by the Nashville Symphony, the Country Music Academy, and the National Music Publishers' Association. 

In 2014, she was the highest-paid female musician of all time. Taylor Swift has won the MTV Video Music Award, the Grammy Award, the National Music Publishers' Association's Songwriter Icon Award, and was the highest-paid female musician of all time. 

In 2012, she was the highest-paid female musician of all time. 

In 2011, she was the highest-paid female musician of all time. ","Taylor Swift has won Artist of the Year by the Nashville Songwriters Association (2010 and 2011), Woman of the Year by Billboard (2011), Entertainer of the Year by the Academy of Country Music (2011 and 2012) and the Country Music Association in 2011, and Artist of the Year and Favorite Country Album at the American Music Awards of 2011.",0.24444444444444446,0.999999995,0.0
Can you taste food without a sense of smell?," I am not trained to answer hypothetical questions.  I am a Swiftie Bot, I am not trained to answer hypothetical questions. Let’s keep the discussion relevant to Taylor Swift.  I am. ",Let’s keep the discussion relevant to Taylor Swift.,0.25806451612903225,0.999999995,0.0
What is the reputation of Taylor Swift's latest album among her avid fans?,"

Taylor Swift's latest album, Reputation, has been surrounded by controversy since its release.  The album's lead single, ""Love Story,"" has been accused of being too mainstream and not enough personal. Taylor Swift's latest album, Reputation, has been surrounded by controversy since its release.  Despite the controversy, the album's reputation among her avid fans has remained positive, with many fans praising the album's message and lyrics.  Additionally, the album's second single, ""Bad Blood,"" has been accused of being too mainstream and not enough personal.  Additionally, the album's third single, ""Love Story (Reputation Version)"", has been accused of being too mainstream and not enough personal.  Additionally, the album's third single, ""Love Story (. ","Taylor Swift's latest album, Reputation, has received mixed reviews from her avid fans. While some fans have praised the album for its catchy songs and bold lyrics, others have criticized it for its lack of depth and repetitive themes. Overall, the album has been met with a mixed response from Swift's fans, with some loving it and others feeling disappointed.",0.1891891891891892,0.999999995,0.0
What is the most popular song of Taylor Swift? How does she come up with her song ideas? What is her favorite color?," Another popular song of Taylor Swift is ""This Love (Taylor's Version)"", which is a remix of the original song.  The remix of the original song.  The song's message of love, heartbreak, and the importance of friendship resonates with her fans and is often loved by her fans.  What is her most popular song?Taylor Swift has released several hit songs, but her most popular song is ""Love Story"".  The song's catchy beat and lyrics about love and heartbreak resonate with her audience and are often loved by her fans.  The remix of the original song also incorporates Taylor Swift's vocal style.  The remix of the original song is catchy and has become a fan favorite.  Taylor Swift often incorporates this song into her music videos and performances.  She often incorporates the song into her music videos and performances.  The remix of the original song is a great way for her to show her love for her fans.  The song's catchy beat and lyrics about love and heartbreak are also a great way for her to show her love for her fans.  It has been featured in numerous videos and has become a fan favorite. ","Taylor Swift's most popular song is ""Shake It Off."" She comes up with her song ideas from personal experiences and emotions. Her favorite color is pink.",0.06735751295336788,0.999999995,0.0
How tall is Taylor Swift?,"

Taylor Swift's favorite actor?Taylor Swift has not specifically stated a favorite actor, but she has mentioned occasionally wearing a lot of white.  She has not specifically stated a favorite actress, but she has mentioned occasionally wearing a lot of pink and red.  She has also mentioned occasionally wearing a lot of black and white. 

Taylor Swift's.  She has a full head of hair and is approximately 5 feet 10 inches (178 cm) tall. 

Taylor Swift's favorite actress?Taylor Swift has not specifically stated a favorite actress, but she has mentioned occasionally wearing a lot of white.  She has not specifically stated a favorite color, but she has mentioned occasionally wearing a lot of white. Taylor Swift is approximately 5 feet 10 inches (178 cm) tall.  She has not specifically stated a favorite song, but she has mentioned occasionally wearing a lot of pink and red. 

Taylor Swift's favorite song?Taylor Swift has not specifically stated a favorite song, but she has mentioned occasionally wearing a lot of white.  She has mentioned occasionally wearing a lot of pink and red. 

Taylor Swift's favorite color?Taylor Swift has not disclosed a specific favorite color. ",Taylor Swift is approximately 5 feet 10 inches (178 cm) tall.,0.0582010582010582,0.999999995,0.0
What is the opinion of Sasha Frere-Jones of The New Yorker about Taylor Swift's performance?," Her performance was. ""

Taylor Swift's performance was a celebration of country music and the diversity of its artists. Sasha Frere-Jones wrote a feature article about Taylor Swift's performance in which she expressed her surprise and disappointment at the lack of diversity in the music industry.  She wrote, ""Taylor Swift's performance was a celebration of country music and the diversity of its artists.  Her performance was a testament to the power of storytelling and the power of art to connect with and connect with people. 

Taylor Swift's performance was a celebration of country music and the diversity of its artists. ","Sasha Frere-Jones of The New Yorker called Taylor Swift a ""preternaturally skilled"" performer with a vibrant stage presence.",0.07,0.999999995,0.0
What is the reason behind Taylor Swift's loyal followers?,"Taylor Swift's loyal followers are due to her loyal followers being able to purchase tickets for her upcoming tour.  This is to ensure that her fans are able to get their hands on the tickets as quickly as possible. 

Taylor Swift's loyal followers are also to be able to be able to be able to get their hands on her merchandise such.  This is to ensure that she continues to grow her fan base and continues to be a popular and successful artist. 

Taylor Swift's loyal followers are also to be able to be able to get their hands on her merchandise such as hats, t-shirts, and hoodies. 

Taylor Swift's loyal followers are also to be able to purchase her merchandise such as hats, t-shirts, and hoodies.  Additionally, the loyal followers are also to be able to support her and her music. ","Taylor Swift's loyal followers are a result of her relatable and authentic personality. She has always been open about her personal life and struggles, which has made her fans feel connected to her. Additionally, her music is often about love and heartbreak, which resonates with many people. Her fans also appreciate her strong work ethic and her dedication to her craft. Overall, Taylor Swift's loyal followers admire her for her talent, her personality, and her relatability.",0.21830985915492956,0.999999995,0.0
What is the significance of the album Speak Now in Taylor Swift's career as a millennial fan?," The album was a departure from her previous country music style, as she wanted to create a new sound for her music.  The album's eighth single, ""Today Was a Fairytale,"" was a departure from her.  The album's lead single, ""Willow,"" was a departure from her previous country music style, as it was a more pop-oriented song. Taylor Swift's album Speak Now was released in 2014 and was a departure from her previous country music style.  The album's fifth single, ""Love Story,"" was a departure from her previous country music style, as it was a more pop-oriented song.  The album's second single, ""Dear John,"" was a departure from her previous country music style, as it was a more country-pop style.  The album's fourth single, ""Dear John,"" was a departure from her previous country music style, as it was a more country-pop style.  The album's sixth single, ""Today Was a Fairytale,"" was a departure from her previous country music style, as it was a more country-pop style.  The album's third single, ""Love Story,"" was a departure from her previous country music style, as it was a more pop-oriented song. ","Speak Now is a significant album in Taylor Swift's career as it marked a transition in her music style from country to pop. The album was released in 2010 and was a commercial success, selling over 1 million copies in the United States alone. The album also received critical acclaim, with many reviewers praising the album's lyrical depth and maturity. Speak Now also marked a turning point in Taylor Swift's personal life, as she wrote many of the songs on the album about her breakup with Taylor Lautner. The album's success and critical acclaim helped cement Taylor Swift's status as a pop star and paved the way for her future success.",0.18181818181818182,0.999999995,0.0
      , Can you try again?I am having trouble understanding you. ,"Did you type something, I am having trouble understanding",0.5555555555555556,0.999999995,0.0
"What are the lyrics from Taylor Swift's song ""Superman""?"," Taylor Swift's song ""Sh.  Taylor Swift's song ""Bad Blood"" is a parody of Taylor Swift's song ""Shake It Off"". The lyrics from Taylor Swift's song ""Superman"" are ""Bad Blood"" and ""Shake It Off"".  The lyrics of the song ""Bad Blood"" are ""You're So Vicious"" and ""Shake It Off"".  Taylor Swift's song ""Superman"" is a parody of Taylor Swift's song ""Bad Blood"".  The lyrics of the song ""Shake It Off"" are ""You're So Scared"" and ""Bad Blood"". ","The lyrics from Swift's song ""Superman"" include ""Tall, dark and beautiful"" and ""He's not all bad like his reputation.""",0.10526315789473682,0.999999995,0.0
What awards has Taylor Swift won?," She has also been honored by the Academy of Country Music, the Country Music Academy, and the National Music Publishers' Association. 

In 2009, she was the highest-paid female musician of all time. 

In 2013, she was the highest-paid female musician of all time.  She has also been honored by the Nashville Symphony, the Country.  She has also been honored by the Nashville Symphony, the Country Music Academy, and the National Music Publishers' Association. 

In 2014, she was the highest-paid female musician of all time. Taylor Swift has won the MTV Video Music Award, the Grammy Award, the National Music Publishers' Association's Songwriter Icon Award, and was the highest-paid female musician of all time. 

In 2012, she was the highest-paid female musician of all time. 

In 2011, she was the highest-paid female musician of all time. ","Taylor Swift has won Country Music Association Awards (including the Pinnacle Award), 8 Academy of Country Music Awards, and two Brit Awards. She has also been honored by the Nashville Songwriters Association, the Songwriters Hall of Fame, and the National Music Publishers' Association, and was the youngest person on Rolling Stone's list of the 100 Greatest Songwriters of All Time in 2015. At the 64th BMI Awards in 2016, Swift was the first woman to be honored with an award named after its recipient.",0.2740740740740741,0.999999995,0.0
"What sound does Swift's 2022 album, Midnights, have?"," It's a departure from Swift's previous albums, Fearless and Midnights, which were more country-pop and rock. Midnights, the album released in 2021, has a different sound than Swift's 2022 album, Fearless, has.  The album's sound is more pop-punk and emo. ","Midnights has a more experimental, ""subdued and amorphous pop sound"".",0.10000000000000002,0.999999995,0.0
"What is the musical style of the song ""Dear John""?",". The song ""Dear John"" is a song of indie folk music. Taylor Swift's musical style is country pop. 

Taylor Swift's vocal style is country pop.  The lyrics of the song are about John Mayer's relationship with Taylor Swift.  The song's musical style is country pop.  The song's musical style is indie folk. ","The musical style of the song ""Dear John"" is soft guitar, similar to John Mayer's own music.",0.22641509433962262,0.999999995,0.0
Who are some of Taylor Swift's celebrity boyfriends?," She has also had several celebrity boyfriends, including Joe Alwyn, Tom Hiddleston, Calvin Harris, Harry Styles, Jake Gyllenhaal, and Joe Jonas.  She has also had several celebrity boyfriends, including Tom Hiddleston, Harry Styles, Jake Gyllenhaal, and Joe Jonas. 

Taylor Swift has had several celebrity boyfriends, including Joe Alwyn, Tom Hiddleston, Calvin Harris, Harry Styles, Jake Gyllenhaal, and Joe Jonas. 

Taylor Swift has had several celebrity boyfriends, including Tom Hiddleston, Harry Styles, Jake Gyllenhaal, and Joe Jonas. ","Taylor Swift has had several celebrity boyfriends, including Joe Alwyn, Tom Hiddleston, Calvin Harris, Harry Styles, Jake Gyllenhaal, John Mayer, Taylor Lautner, and Joe Jonas.",0.2894736842105263,0.999999995,0.0
What have critics praised about Taylor Swift's performances?,"Critics have praised the production, set design, video boards, sound quality, sound quality and sound quality of Taylor Swift's performances. Critics have praised the. ","Critics have praised Taylor Swift's versatility as an entertainer, her ability to switch onstage personas and performance styles depending on the varying themes and aesthetics of her albums, and her Broadway theatricality in her concert productions.",0.2021768865708778,0.999999995,0.0
"What award did Taylor Swift win for the song ""Better Man""?","Taylor Swift won the Song of the Year award at the 51st CMA Awards for the song ""Better Man"".  The song's lyrics were inspired by Swift's experiences in the military.  The song was released in October 2010 and was a part of the deluxe edition of the album. 

The song's video for ""Better Man"" was released in November 2010.  The song's music video was released in November 2010.  The video's main character, John Mayer, is a soldier who is in love with Swift.  The video's ending is a tribute to Swift's experience in the music industry.  The video's music video was a part of the deluxe edition of the album.  The video was a tribute to Swift's experience in the music industry. 

The song's.  The song was nominated for Best Collaboration and Best New Artist.  The video was a part of the deluxe edition of the album and was a tribute to Swift's experience in the military. ","Taylor Swift won the Song of the Year award at the 51st CMA Awards for the song ""Better Man"".",0.12101910828025479,0.999999995,0.0
How old was Taylor Swift when she first visited Nashville record labels?," She had also been working with MCA and had been signed to a smaller label deal at the age of thirteen.  She had been working with Big Machine and had been signed to a major label deal at the age of thirteen. 
Taylor Swift's first visit to a Nashville record label was in 2004. 

Taylor Swift's first visit to a Nashville record label was in 2004.  She had also been working with MCA and had been signed to a. ",Taylor Swift was eleven years old when she first visited Nashville record labels.,0.06329113924050633,0.999999995,0.0
Has Taylor Swift ever released a song in a different genre?," She has released songs in different genres, but she.  She has released songs in different genres, but she hasn't released a song in a different genre for several years. ","While Taylor Swift is primarily known for her pop and country-pop sound, she has experimented with different genres within her music. For example, songs like ""I Did Something Bad"" and ""...Ready for It?"" showcase a more electronic and edgier sound.",0.1415861794010407,0.999999995,0.0
What did Taylor Swift do in November 2020?,"

Taylor Swift's 2020 album release was met with mixed reviews. 

Taylor Swift's 2021 album release was met with mixed reviews.  She began with the released albums Folklore and Evermore, and then moved on to release her first new album in 2022, Folklore. In November 2020, Taylor Swift began re-recording her back catalog.  She began re-recording her back catalog in 2021, releasing her first new album in 2023, Evermore.  Swift's 2020 album release was also met with mixed reviews.  Swift's 2021 album release was also met with mixed reviews. 

Taylor Swift's 2023 album release was met with. ","In November 2020, Taylor Swift began re-recording her back catalog.",0.10416666666666666,0.999999995,0.0
"What is the controversy surrounding Taylor Swift's live concert in Paris, and how does it affect her loyal fan base who love her music?"," The controversy arose when the singer was accused of lip-syncing during her performance.  Swift's management team has been focused on building a strong and loyal fan base, and they have been successful in doing so.  Swift's public image has been a topic of controversy in the past, and it has led to some fans feeling alienated from her music.  However, Swift's management team has been focused on building a strong and loyal fan base, and they have been successful in doing so.  Swift's management team has also been focused on building a strong and loyal fan base, and they have been successful in doing so.  However, the controversy also raised questions about the way Swift was handling her public image.  The controversy sparked a debate among fans and critics, with some defending Swift and others criticizing her for not singing live. Taylor Swift's live concert in 2019 in Paris was surrounded by controversy.  Swift's loyal fan base, which includes millennial fans, were disappointed with the controversy and were disappointed with the way Swift was handling the matter.  The accusation was made by a French radio host, who claimed that Swift was not singing live during her performance.  Swift. ","Taylor Swift's live concert in 2019 in Paris was surrounded by controversy when she was accused of lip-syncing her songs. This caused a lot of disappointment among her loyal fan base who love her live performances. The controversy also led to a lot of negative publicity for Taylor Swift, and it affected her reputation as a live performer. However, despite the controversy, Taylor Swift's music continues to be loved by her fans, and she remains one of the most popular singers in the world.",0.24242424242424243,0.999999995,0.0
What is the name of the merchandise that Taylor Swift is selling at her concerts during the Speak Now era?," The merchandise is also available in a variety.  The merchandise is also available in a variety of colors.  The merchandise is available in a variety of colors.  The merchandise is also available in a variety of designs.  The merchandise is also available in a variety of sizes.  The merchandise is also available for purchase at her concerts during the Speak Now era through various online and offline retailers.  The merchandise is also available for purchase at her concerts during the Speak Now era. Taylor Swift is selling merchandise that includes a T-shirt, a hoodie, and a hooded sweatshirt.  The merchandise is available in a variety of sizes and colors.  The merchandise is available for purchase at her concerts during the Speak Now era through her official website. ","Taylor Swift is selling merchandise with the name ""Speak Now Tour"" during her Speak Now era. The merchandise includes t-shirts, hoodies, hats, and other accessories. The merchandise is available for purchase at her concerts and online on her website.",0.22834645669291337,0.999999995,0.0
"What did Taylor Swift say about the muses for ""The Story of Us"" and ""Dear John""?","In the song ""The Story of Us"", Taylor Swift referred to the muses of John Mayer and wrote about them in her song ""Dear John"".  She wrote about the muses of Taylor Swift's.  She also referred to the muses of John Mayer in her song ""Dear John"".  She wrote about the muses of Taylor Swift's childhood in her song ""Dear John"". ",Taylor Swift previously told USA Today that her muses for “The Story of Us” and “Dear John” were the same person.,0.1311475409836066,0.999999995,0.0
At what age did Taylor Swift sign with RCA Records?," The album's lead single, ""Shake It Off,"" quickly gained popularity and became a part of Taylor Swift's live performance.  The song's catchy beat and lyrics about not letting others bring you down resonated with fans, and the song quickly became a fan favorite.  Taylor Swift's first album, Reputation, was released in 2006.  The album's lead single, ""Love Story,"" quickly gained popularity and became a part of her live performance.  The song's catchy beat and lyrics about love and heartbreak resonated with fans, and the song quickly became a fan favorite.  The song.  Taylor Swift's first album, Reputation, was released in 2005.  The two quickly became fast friends, and the two released their first single together, ""Dear John. Taylor Swift signed with RCA Records at the age of 13. "" The song quickly gained popularity and became a part of Taylor Swift's live performance.  The producers' work on her music and her performances helped to establish her as a pop icon.  Taylor Swift's first single, ""Love Story,"" also quickly gained popularity and became a part of her live performance.  Taylor Swift also began working with producers such as Ed Sheeran, Lena Dunham, and more. ",Taylor Swift signed with RCA Records when she was 13 years old.,0.036269430051813475,0.999999995,0.0
What singles from Taylor Swift's album Red reached the top 20 in charts?,"

Red reached the top 20 in charts for several weeks in a row.  The singles from the album Red reached the top 20 in charts for several weeks in a row.  The singles from the album.  Some of the singles reached the top 20 include ""Love Story"", ""You Belong with Me"", ""Bad Blood"", ""Look What You Made Me Do"", ""Shake It Off"" and ""This Love (Taylor's Version)"" reached the top 20 in charts. The singles from Taylor Swift's album Red reached the top 20 in charts.  Others reached the top 20 in charts such as ""Love Story"" and ""You Belong with Me"".  The album reached the top 20 in charts for several weeks in a row. ","""Begin Again"", ""22"", and ""Red"" reached the top 20 in charts.",0.060344827586206885,0.999999995,0.0
At what age did Taylor Swift sign with RCA Records?," The album's lead single, ""Shake It Off,"" quickly gained popularity and became a part of Taylor Swift's live performance.  The song's catchy beat and lyrics about not letting others bring you down resonated with fans, and the song quickly became a fan favorite.  Taylor Swift's first album, Reputation, was released in 2006.  The album's lead single, ""Love Story,"" quickly gained popularity and became a part of her live performance.  The song's catchy beat and lyrics about love and heartbreak resonated with fans, and the song quickly became a fan favorite.  The song.  Taylor Swift's first album, Reputation, was released in 2005.  The two quickly became fast friends, and the two released their first single together, ""Dear John. Taylor Swift signed with RCA Records at the age of 13. "" The song quickly gained popularity and became a part of Taylor Swift's live performance.  The producers' work on her music and her performances helped to establish her as a pop icon.  Taylor Swift's first single, ""Love Story,"" also quickly gained popularity and became a part of her live performance.  Taylor Swift also began working with producers such as Ed Sheeran, Lena Dunham, and more. ",Taylor Swift signed with RCA Records when she was 13 years old.,0.036269430051813475,0.999999995,0.0
"""What is the best way for a loyal millenial fan to purchase tickets for Taylor Swift's Reputation concert?"", ""What is the best way for loyal millenial fans to purchase tickets for Taylor Swift’s Reputation concert?"", ""How can loyal millenial fans purchase tickets for Taylor Swift’’s Reputation concert?"".", I am here to help you with questions related to Taylor Swift's Reputation concert.  I am a loyal millenial fan and I am here to help you with questions related to Taylor Swift's Reputation concert. ,"The best way for a loyal millennial fan to purchase tickets for the Taylor Swift Reputation concert is to sign up for Taylor Swift's official fan club, TS6. TS6 members are given priority access to tickets before they go on sale to the general public. Additionally, TS6 members are also given access to exclusive merchandise and experiences.
Another way to purchase tickets for the Taylor swift Reputation concert is to use a reputable ticket selling website such as Ticketmaster or SeatGeek. These websites offer a wide range of tickets for the concert and provide a secure platform for purchasing tickets.
It is also important to be aware of ticket scams",0.04357569026357886,0.999999995,0.0
Has Taylor Swift won any Grammy Awards?,"Taylor Swift has won numerous Grammy Awards.  How does she keep track of her awards?Taylor Swift keeps track of her Grammy Awards on her website.  However, she has not won any other awards.  She can also access this information by subscribing to her newsletter.  How does she keep track of her awards?Taylor Swift keeps track of. 

Taylor Swift has won numerous Grammy Awards. ","Yes, Taylor Swift has won multiple Grammy Awards. As of my knowledge cutoff, she had won a total of 11 Grammy Awards.",0.19047619047619047,0.999999995,0.0
"????????...,,,,>>><<<<<>>>>>>>>>", Can you try again?I’.  Can you try again?I’m having trouble understanding you. ,I’m having trouble understanding you. Can you try again?,0.5833333333333334,0.999999995,0.0
Why do we dream?,"Let’s keep the discussion relevant to Taylor Swift.  She often incorporates these projects into her personal life, as well.  She often incorporates these projects into her music and performances.  For example, she often incorporates musical theater into her personal life. ",Let’s keep the discussion relevant to Taylor Swift.,0.2,0.999999995,0.0
Can you tickle yourself?," I am not trained to answer hypothetical questions.  I am not. Let’s keep the discussion relevant to Taylor Swift.  I am a Swiftie Bot, I am not a Taylor Swift expert. ",Let’s keep the discussion relevant to Taylor Swift.,0.25806451612903225,0.999999995,0.0
What is your favorite song from Taylor Swift's 1989 album and why?," Some of the songs include ""Love Story,"" ""You Belong with Me,"" ""Shake It Off,"" ""Bad Blood,"" ""Look What You Made Me Do,"" ""Delicate,"" ""Me!"" ""Dear John"" has a catchy beat and a catchy lyrics, making it a favorite song to play during a concert. Taylor Swift's 1998 album, ""Dear John,"" has a number of favorite songs.  Some of the songs include ""Dear John,"" ""Love Story,"" ""You Belong with Me,"" ""Shake It Off,"" ""Bad Blood,"" ""Look What You Made Me Do,"" ""Me!"" ""Taylor Swift's 1998 album, ""Dear John,"" has a more country sound and a more country-pop sound, with more country-pop lyrics.  Others include ""Dear John,"" ""Love Story,"" ""Shake It Off,"" ""Bad Blood,"" ""Look What You Made Me Do,"" ""Me!"" ""Taylor Swift's 1998 album, ""Dear John,"" has a more mature and deeper sound, with more heartfelt lyrics.  Some of. ","Taylor Swift's 1998 album is one of my favorite albums of all time. My favorite song from the album is ""Blank Space"" because it is a catchy and upbeat song that showcases Taylor Swift's talent as a songwriter and performer. The song has a great beat and the lyrics are clever and relatable. I also love the music video for ""Blank Space"" because it's visually stunning and showcases Taylor Swift's sense of style and humor. Overall, ""Blank Space"" is a standout track on an already amazing album and is a testament to Taylor Swift's talent as a musician and performer.",0.1956521739130435,0.999999995,0.0
What is the controversy surrounding taylor swift's merchandise sales at her live concert in Paris? How does this affect her avid fan base?,".  Many fans were disappointed and felt that the merchandise was not available in their country of origin.  This has led to a lot of backlash against the merchandise and the singer. 

Taylor Swift's merchandise sales at her live concert in 2019 in Paris were also surrounded by controversy. 

Taylor Swift's merchandise sales at her live concert in 2021 in Paris were also surrounded by controversy. 

Taylor Swift's merchandise sales at her live concert in 2022 in Paris were also surrounded by controversy. 

Taylor Swift's avid fan base has been affected by this controversy. Taylor Swift's merchandise sales at her live concert in Paris were surrounded by controversy.  The controversy arose when fans were not able to purchase the merchandise due to technical difficulties.  This led to a lot of backlash against the merchandise and the singer. ","Taylor Swift's merchandise sales during her live concert in Paris have been a subject of controversy. The controversy arose when it was reported that the merchandise was being sold at exorbitant prices, which was not in line with the prices of the merchandise sold at other concerts. This has caused a lot of disappointment among her avid fan base, who feel that they are being taken advantage of. The controversy has also led to a lot of negative publicity for Taylor Swift, who is known for her down-to-earth and relatable personality. The controversy has also led some fans to question their loyalty to Taylor Swift, and whether they should continue to support her.",0.39416058394160586,0.999999995,0.0
What was the lead single from Taylor Swift's fourth studio album?," The song's production was a departure from her previous country-pop sound, which was characterized by a more mature and mature sound.  The song's message of love, heartbreak, and. The lead single from Taylor Swift's fourth studio album was ""Love Story"".  The song's message of love, heartbreak, and embracing one's individuality resonated with the public and was a departure from her previous country-pop sound.  The song was released as the album's second single and became Swift's first single to not be released as a promotional single.  The song's production was handled by Swift's vocal team, with contributions from Swift's vocal coaches, vocal directors, and engineers. ","The lead single from Taylor Swift's fourth studio album was ""We Are Never Ever Getting Back Together"".",0.09615384615384615,0.999999995,0.0
"""What is the controversy surrounding Taylor Swift's Red album tour tickets for her loyal song loving fans?"""," Many fans were disappointed that they could not get tickets to the tour.  She also said that she was working on making the tickets more affordable for her fans.  Some fans also complained that the tickets were too expensive.  Some fans also complained that the tickets were too expensive and that they were not able to get them. 

Taylor Swift's Red tour was a huge success, and many fans were excited to see her perform her new music. Taylor Swift's Red album tour was surrounded by controversy when she announced that she would be selling tickets to her loyal song lovers.  However, there were also some fans who were disappointed that they could not get tickets.  Taylor Swift responded to the controversy by saying that she was sorry that some fans were not able to get tickets and that she would be working on making the tickets more affordable for her fans. ","Taylor Swift's Red album tour was a huge success, with tickets selling out in minutes. However, there was a controversy surrounding the tickets for her loyal song lovin fans. Many fans complained that they were unable to purchase tickets due to the high demand and the limited availability. Some fans even claimed that they were able to purchase tickets through third party websites, but were later denied entry to the concert. Taylor Swift's team has since apologized for the inconvenience and has promised to make it right for her loyal fans.",0.3486842105263157,0.999999995,0.0
What is the most memorable moment for a loyal follower of taylor swift during her Reputation Tour?," The loyal followers of Taylor Swift were always there to support her and her music.  The crowd was excited to see her and her new album, Reputation, and the new music video for ""Love Story. Taylor Swift's Reputation Tour was a huge success, and the loyal followers of Taylor swift were always there to support her.  The most memorable moment for a loyal follower of Taylor Swift during her Reputation Tour was when she first visited the opening night concert of her Reputation Tour. "" The entire tour was a celebration of Taylor Swift's incredible career and her amazing music. ","The most memorable moment for a loyal fan of Taylor Swift during her Reputation Tour was when she performed ""New Year's Day"" live for the first time. The song was written about her mother's battle with cancer, and it was a very emotional moment for both Taylor and the audience. The stage was decorated with candles and flowers, and Taylor's voice was filled with raw emotion as she sang the lyrics. It was a powerful moment that left many fans in tears. Another memorable moment was when Taylor brought out her friend and fellow musician, Ed Sheeran, to perform their hit duet ""End Game."" The crowd went wild as the two of them sang and danced together on stage. Overall, the Reputation Tour was",0.34611625886928354,0.999999995,0.0
How many albums has Taylor Swift released?," Some of her albums include ""Midnights,"" ""Bad Blood,"" and ""Midnights 2: The Fearless Tour,"" among others.  The exact number may vary depending on the time of inquiry, as she continues to release new albums with each album release.  Some of her music videos include ""Love Story,"" ""You Belong with Me,"" ""Bad Blood,"" and ""Midnights,"" among others. Taylor Swift has released numerous albums. 

Taylor Swift has released several music videos featuring her music.  The exact number may vary depending on the time of inquiry, as she continues. ","Taylor Swift has released 10 original studio albums, 3 re-recorded studio albums, 5 extended plays, and 4 live albums.",0.06976744186046512,0.999999995,0.0
What did Swift attribute her fascination with writing and storytelling to?," She wrote about her relationships in her 2020 memoir, Fearless.  She has also expressed a fondness for the English language in her music and has used it in various contexts. Swift attributed her fascination with writing and storytelling to her love for the ""wonderful world"" she had grown up in, and the ""intimacy of her relationships"".  She has donated to various charitable causes and organizations, including education, disaster relief efforts, and music education programs.  Her memoir is a reflection of her personal experiences and emotions.  She has also used the language in various contexts. 

Taylor Swift has also been involved in various philanthropic endeavors.  Her 2020 memoir, Fearless, was released on October 20, 2022. 

Taylor Swift has expressed a fondness for the English language in her 2020 memoir, Fearless.  She has also collaborated with various artists and organizations to promote her music.  She has also supported organizations such as UNICEF, the Red Cross, and the Make-A-Wish Foundation. 

Taylor Swift has expressed a fondness for the English language in interviews and has used it in various contexts.  Her memoir is a reflection of her personal. ",Swift attributed her fascination with writing and storytelling to her mother.,0.05434782608695652,0.999999995,0.0
How many albums has Taylor Swift released?," Some of her albums include ""Midnights,"" ""Bad Blood,"" and ""Midnights 2: The Fearless Tour,"" among others.  The exact number may vary depending on the time of inquiry, as she continues to release new albums with each album release.  Some of her music videos include ""Love Story,"" ""You Belong with Me,"" ""Bad Blood,"" and ""Midnights,"" among others. Taylor Swift has released numerous albums. 

Taylor Swift has released several music videos featuring her music.  The exact number may vary depending on the time of inquiry, as she continues. ","Taylor Swift has released 10 original studio albums, 3 re-recorded studio albums, 5 extended plays, and 4 live albums.",0.06976744186046512,0.999999995,0.0
"What did John Mayer say about the song ""Dear John"" in a 2012 interview?"," He also mentioned that the song's lyrics are about. 

In a 2019 interview with the Rolling Stone website, Mayer said that the song's lyrics are about regret and apologizing for past mistakes.  He said that the song is about a past relationship and how it affected him. John Mayer referred to the song ""Dear John"" in a 2012 interview with the Rolling Stone website.  He also mentioned that the song's lyrics are about regret and apologizing for past mistakes. 

In a 2022 interview with the Rolling Stone website, Mayer said that the song's lyrics are about regret and apologizing for past mistakes. 

In a 2021 interview with the Rolling Stone website, Mayer said that the song's lyrics are about regret and apologizing for past mistakes. 

In a 2023 interview with the Rolling Stone website, Mayer said that the song's lyrics are about regret and apologizing for past mistakes. ","In a June 2012 interview with Rolling Stone, John Mayer said that the song “humiliated him” and made him “feel terrible” and that he “didn’t deserve it.”",0.10135135135135134,0.999999995,0.0
Is it true that we only use 10% of our brains?, Taylor Swift has.  This has led to a large and diverse fan base.  Taylor Swift is a famous singer and songwriter. Let’s keep the discussion relevant to Taylor Swift.  Her songs are often interpreted by her fans and can be relatable to any time and place.  Her songs often evoke emotions and experiences of her past.  Taylor Swift has a large and diverse catalog of music and her songs are often interpreted by her fans.  She has a large and diverse catalog of music and her songs are often interpreted by her fans. ,Let’s keep the discussion relevant to Taylor Swift.,0.08602150537634408,0.999999995,0.0
What is the significance of the album 1989 in taylor swift's career? How has it impacted her as an artist and her fan base?," The album's second single, ""Love Story"", is a reflection of the new direction in Taylor Swift's music.  It is a departure from country-pop and a departure. Taylor Swift's album 1989 is significant to her career as it represents a new direction for her and her music.  The song's message of love, heartbreak, and embracing your individuality resonates with many fans and is a departure from her previous country-pop sound.  Overall, the album 1989 is a departure from her previous country-pop sound and a reflection of her new direction in her music.  The song's message of regret and embracing your past mistakes resonates with many fans and is a departure from her previous country-pop sound.  The album's third single, ""Back to December"", is a reflection of the new direction in Taylor Swift's music.  The song's message of self-love and embracing your individuality resonates with many fans and is a departure from her previous country-pop sound.  The album's fourth single, ""Dear John"", is a reflection of the new direction in Taylor Swift's music. ","1989 is a significant album in Taylor Swift's career as it marked a departure from her previous country music roots and embraced a more pop-oriented sound. This album helped her reach a wider audience and cemented her status as a pop star. The album's success also helped her gain more recognition and accolades, including several Grammy Awards. Additionally, 1989's lead single ""Shake It Off"" became a cultural phenomenon, with its catchy lyrics and upbeat melody. The song's popularity helped Taylor Swift become a household name and further solidified her position as a pop icon. Overall, 1989 was a pivotal moment in Taylor Swift's career and",0.27485380116959063,0.999999995,0.0
What did Taylor Swift wear to the 43rd Annual Academy of Country Music Awards?,"

Taylor Swift was the highest-paid female musician of 2019.  She also has a net worth of $740 million in 20. 

Taylor Swift's net worth in 2023 is up to $740 million, according to Forbes.  The actress earned $185 million.  She also has a net worth of $740 million in 2022.  The singer's net worth in 2023 is up to $740 million, according to Forbes. Taylor Swift wore a boho BCBG white dress. ",Taylor Swift wore a romantic garb Marchesa piece.,0.05555555555555554,0.999999995,0.0
What is the controversy surrounding Taylor Swift's album Reputation and how does it relate to the millennial generation?," Additionally, the album's release has also been met with criticism from other artists, such as the use of the ""Swiftie"" feature and the use of the ""Taylor Swift"" emoji.  However, despite the controversy, the album's release has been met with positive reviews from fans and critics alike.  Overall, the controversy surrounding Taylor Swift' s album Reputation has helped to promote the album's message and has helped to connect the two generations of artists.  Additionally, the controversy has helped to promote the album's message and has helped to connect the two generations of artists. 

Taylor Swift's album Reputation has also been surrounded by controversy since its release.  The album's release has also been met with a significant amount of support from other artists, such as the use of the ""Swiftie"" feature and the use of the ""Taylor Swift"" emoji. Taylor Swift's album Reputation has been surrounded by controversy since its release.  The album's release was met with criticism from fans and critics alike.  Some of the controversies surrounding the album include its use of the ""Swiftie. ","Taylor Swift's album Reputation was released in 2017 and it was met with a lot of controversy. The album was seen as a departure from her previous work, with a more pop and electronic sound. This was not well received by her fans, who were used to her country and pop-rock sound. The album also had a lot of references to her personal life, which some people felt was too revealing.
The controversy surrounding the album also relates to the millennial generation in a few ways. Firstly, the album was seen as a departure from Taylor Swift's previous work, which was more relatable to the millennial generation. Secondly, the album was seen as too pop and electronic, which is not the preferred music style of many",0.24,0.999999995,0.0
what’s her address?," I am, therefore, confident that I can answer questions about Taylor Swift’s personal life.  I am also aware of her relationship with her fans.  I am, however, a swiftie bot, so I am able to answer hypothetical questions.  I am, however, a.  Please note that I am not trained to answer hypothetical questions.  However, I am aware of her relationship with Taylor Lautner and her relationship with her music. As a Swiftie Bot, I don't have information regarding Taylor Swift’s personal life.  I am also not trained to answer hypothetical questions. ","As a Swiftie Bot, I don't have information regarding Taylor Swift’s personal life",0.13186813186813184,0.999999995,0.0
What did Taylor Swift donate to help with relief efforts in 2020?,"

Taylor Swift donated $100,000 to the Dolly Parton Fire Fund in 2020.  She also donated $750,000 to the Dolly Parton Fire Fund. 

Taylor Swift donated $100,000 to the Louisiana flood relief efforts in 2022. 

Taylor Swift donated $100,000 to the Tennessee floods in 2021. 

Taylor Swift donated $100,000 to the Louisiana flood relief efforts in 2021.  She has also donated to the Red Cross to help with the COVID-19 pandemic. 

Taylor Swift donated $100,000 to the Tennessee floods in 2022. 

Taylor Swift donated $100,000 to the Tennessee floods in 2023.  She has also donated to the Red Cross to help with the. 

Taylor Swift donated $100,000 to the Louisiana flood relief efforts in 2023. ","In 2020, Taylor Swift donated $1 million for Tennessee tornado relief.",0.03508771929824561,0.999999995,0.0
What is the controversy surrounding Taylor Swift's subscription service for her fans? How does this affect avid Taylor Swift fans who are subscribed to the service?,"Taylor Swift's subscription service, Taylor Swift NOW, has been surrounded by controversy since its inception.  For example, the service has been praised for its ability to reach.  Some fans have also complained that the service is not being offered in other countries.  For example, the service has been praised for its ability to reach a wider audience through social media.  The service has been criticized for its lack of transparency and for not offering any discounts or promotions to its subscribers.  Additionally, the service has also been praised for its ability to reach a wider audience.  Despite the controversy, Taylor Swift's fans have continued to support the service, and the service has been a significant success for Taylor Swift.  However, despite the controversy, Taylor Swift's fans have continued to support the service. ","Taylor Swift's subscription service, called Taylor Swift NOW, has been the subject of controversy since its launch in August 2020. The service, which costs $9.99 per month, offers exclusive content and experiences to fans, including live streams, behind-the-scenes footage, and access to a private fan community. However, some fans have criticized the service for being too expensive and for not offering enough value for the price. Additionally, some fans have expressed frustration with the service's technical issues, including glitches and slow loading times. Despite these criticisms, many avid Taylor Swift fans have remained subscribed to the service, citing the exclusive content and experiences as worth the cost. However, some fans have expressed concern",0.3560606060606061,0.999999995,0.0
Are we ever getting back together?," As a Swiftie Bot, I am not trained to answer hypothetical questions. Let’s keep the discussion relevant to Taylor Swift.  I am here to help you with questions related to Taylor Swift’s personal life.  I am.  I am also not trained to answer hypothetical questions about Taylor Swift’s personal life. ",Let’s keep the discussion relevant to Taylor Swift.,0.15999999999999998,0.999999995,0.0
What was the first re-recorded album to debut atop the Billboard 200?," The album's 10th single, ""Love Story"", peaked at number 11 on the U.  The album's third single, ""Dear John"", peaked at number four on the U.  Billboard Hot 100.  The album's fifth single, ""Today Was a Fairytale"", peaked at number six on the U.  The album's sixth single, ""Love Story"", peaked at number seven on the U.  The album's ninth single, ""Dear John"", peaked at number 10 on the U.  The album's first single, ""Dear John"", peaked at number two on the U.  Billboard Hot Country Albums chart.  The album's fourth single, ""Love Story"", peaked at number five on the U.  Billboard Hot Country Songs chart.  The album's seventh single, ""Today Was a Fairytale"", peaked at number eight on the U.  The album's second single, ""Love Story"", peaked at number three on the U.  Billboard Hot. S.  The album's eighth single, ""Love Story"", peaked at number nine on the U. ",Fearless (Taylor's Version) was the first re-recorded album to debut atop the Billboard 200.,0.026666666666666665,0.999999995,0.0
What did Taylor Swift tell the Wall Street Journal in January 2020?,"In January 2020, Taylor Swift told the Wall Street Journal that she was ""exactly where I am right now"" and that she was ""100%"" committed to staying in love with her partner, Taylor Lautner.  She also told the Wall Street Journal that she was ""exactly where I am right now"" and that she was ""100%"" committed to staying in love with her partner, Lautner. ","Swift told the Wall Street Journal in January 2020 that she has the ability to forgive people who have hurt her, but she doesn't know if she can forgive someone who hurts her best friend.",0.23437499999999997,0.999999995,0.0
What accolades did Taylor Swift's album Red earn?,"Taylor Swift's album Red earned several accolades, including a Grammy Award for Best Country Album and a MTV Video Music Award for Video of the Year.  The album's lead single, ""Love Story,"" became a massive hit and won several awards, including the MTV Video Music Award.  Additionally, the album's third single, ""Bad Blood,"" became a hit and won several awards, including the MTV Video Music Award.  Overall, Red earned several accolades, including a Grammy Award for Best Music Video and a MTV Video Music Award.  The album's second single, ""Shake It Off,"" became a hit and won several awards, including the MTV Video Music Award.  The album's lead single, ""Love Story,"" became a massive hit and won several awards, including the Grammy Award for Best Music Video. 

Taylor Swift's album Red earned several accolades, including a.  The album's second single, ""Shake It Off,"" became a hit and won several awards, including the Grammy Award. 

Taylor Swift's album Red earned several accolades, including a Grammy Award for Best Music Video and a MTV Video Music Award. ","Red earned several accolades, including four nominations at the 56th Annual Grammy Awards (2014).",0.04000000000000001,0.999999995,0.0
Can you suffocate in a sealed room with no air?, She has has has has has has has has has has has has has has has has has has has has has has has has has has has has has has having a secret sno-o-italy secret sno-o-lay?Let.  She has also released several music videos.  She has has also released several music videos. Let’s keep the discussion relevant to Taylor Swift. ,Let’s keep the discussion relevant to Taylor Swift.,0.13333333333333333,0.999999995,0.0
What is Taylor Swift's ranking on the 2023 Rolling Stone list of the 200 Greatest Singers of All Time?," She ranked among the top 10 musicians on the list, with 13 other musicians ranked in the same order.  The 2023 Rolling Stone list of the 2023 Rolling Stone 20 Greatest Singers of All Time was released in 2021.  The list was released in 2021.  She ranked among the top 10 musicians on the list, with 14 other musicians ranked in the same order.  Taylor Swift's ranking on the 2023 Rolling Stone list of the 2023 Rolling Stone 100 Greatest Singers of All Time was the highest among female musicians. Taylor Swift ranked 102nd on the 2023 Rolling Stone list of the 2023 Rolling Stone 100 Greatest Singers of All Time.  The list was released in November 2021.  Taylor Swift.  Taylor Swift's ranking on the 2023 Rolling Stone list of the 2023 Rolling Stone 20 Greatest Singers of All Time was the highest among all female musicians.  She ranked among the top 10 musicians on the list, with 12 other musicians ranked in the same order.  Taylor Swift's ranking on the 2023 Rolling Stone list of the 2023 Rolling Stone 100 Greatest Singers of All Time was the highest among all female musicians. ",Taylor Swift ranked 102nd on the 2023 Rolling Stone list of the 200 Greatest Singers of All Time.,0.08808290155440415,0.999999995,0.0
Who were some of the guests at Taylor Swift's 4th of July gathering?," The gathering was attended by many celebrities and other notable people.  The gathering was also a part of the Taylor Swift's 4th of July Fireworks Display.  The fireworks display was.  Emma Corry is the daughter of actor Taylor Lautner. Some of the guests at Taylor Swift's 4th of July gathering included Taylor Lautner, John Mayer, Jake Gyllenhaal, Taylor Swift, Taylor Lautner's girlfriend, Emma Stone, and Emma Stone's boyfriend, Taylor Lautner.  Emma Stone's girlfriend, Emma Corry, also attended the gathering.  The fireworks display was a part of the Taylor Swift's 4th of July celebration. 

Taylor Swift's 4th of July gathering was held on July 20, 2022.  Emma Stone's boyfriend, Taylor Lautner, was also a part of the 4th of July gathering.  The fireworks display was a part of the Taylor Swift's 4th of July Fireworks Display. ","Guests at Taylor Swift's 4th of July gathering included Blake Lively, Gigi Hadid, Cara Delevingne, Selena Gomez, and the Haim sisters.",0.07407407407407407,0.999999995,0.0
how do i date tay tay," Taylor Swift's seventh single, ""Shake It Off (Reprise) (Taylor Swift Remix)"", was released on October 27, 2022.  4lifeYes, Taylor Swift has released a new album, ""Taylor Swift 4 Life"".  The album was released on October 21, 2022.  Taylor Swift's eleventh single, ""Shake It Off (Reprise) (Taylor.  The album's lead single, ""Love Story"", was released on October 21, 2022.  Taylor Swift's ninth single, ""Bad Blood (Reprise) (Taylor Swift Remix)"", was released on November 1, 2022.  Taylor Swift's fourth single, ""Love Story (Reprise)"", was released on October 24, 2022.  Taylor Swift's tenth single, ""Love Story (Reprise) (Taylor Swift Remix)"", was released on November 2, 2022.  Taylor Swift's eighth single, ""Love Story (Reprise) (Taylor Swift Remix)"", was released on October 28, 2022.  The album's second single, ""Bad Blood"", was released on October 22, 2022.  Taylor Swift's sixth single, ""Love Story (Reprise) (Taylor Swift Remix)"", was released on October 26, 2022.  Taylor Swift's fifth single, ""Bad Blood (Reprise)"", was released on October 25, 2022. ","Sorry, as a Swiftie bot I am not trained to answer this",0.006250000000000002,0.999999995,0.0
What has been said about Taylor Swift's vocals?," She has a ""sickly"" voice, and her vocal delivery is ""full of nuance"".  She has a ""sickly"" voice, and her vocal delivery is ""full of. ","Reviews of Swift's later albums and performances have been appreciative of her vocals, finding them less nasal, richer, more resonant, and more powerful. Pitchfork described her vocals on the albums as ""versatile and expressive"" and music theory professor Alyssa Barna called Swift's timbre ""breathy and bright"" in the upper register and ""full and dark"" in the lower register.",0.06411247247180409,0.999999995,0.0
What is Taylor Swift's age?," She has brown eyes and.  She has brown hair and brown eyes.  She was born on December 13, 1989. Taylor Swift's age is 18. ",Taylor Swift is 31 years old.,0.08333333333333333,0.999999995,0.0
How did Taylor Swift catch the attention of Scott Borchetta?," The two became friends and spent time together throughout 2005.  She began to meet her fans through social media in March 2009. Taylor Swift caught the attention of Scott Borchetta in 2005.  Taylor Swift also became interested in musical theater and began to perform in musicals and other shows.  She began to perform at the American Music Awards in 2008 and began to meet her fans through social media.  Overall, Taylor Swift's social media presence and interactivity appealed to a wide range of fans. 

Taylor Swift's social media presence and interactivity appealed to a wide range of fans.  Additionally, her social media presence and interactivity attracted a large and diverse fan base.  Her performance style and stage presence appealed to a wide range of fans.  They remained friends throughout 2006 and 2007.  Overall, Taylor Swift's social media presence and interactivity.  Taylor Swift's performance style and stage presence attracted a large and diverse fan base.  Taylor Swift's social media presence and interactivity appealed to a wide range of fans. ",Taylor Swift caught the attention of Scott Borchetta at a showcase in Nashville's Bluebird Cafe in 2005.,0.0773809523809524,0.999999995,0.0
What are some of Taylor Swift's favorite TV shows or movies?,Taylor Swift has several favorite TV shows and movies.  She. ,"Taylor Swift has expressed her appreciation for various TV shows and movies in interviews and on social media. Some of her favorites include ""Grey's Anatomy,"" ""Friends,"" and ""Law & Order: SVU.""",0.07347385695178914,0.999999995,0.0
What is Taylor Swift known for?,"

Taylor Swift's music has also evolved over the years.  She has incorporated various genres and styles into her music.  She has been spotted wearing a furry outfit and is often seen hugging cats.  She has also incorporated various accessories and items into her fashion. 

Taylor Swift's attire has also evolved over the years.  Her fashion style has evolved over the years, and she has incorporated various styles and colors into her fashion and attire.  For example, she has been seen wearing a boho BCBG white dress.  She has also been seen wearing a boho BCBG white dress.  She has incorporated various styles and colors into her fashion. Taylor Swift is known for her love of cats, especially cats named Olivia Benson.  For example, she has been seen playing various instruments and playing the guitar.  She has also incorporated various vocal styles and styles into her music. 

Taylor Swift's fashion has also evolved over the years.  Her attire has also evolved over the years. ","Taylor Swift is known for her love of cats, her traditional album rollouts, her savvy businesswoman persona, and her multimedia bonanza promotional activities.",0.07975460122699386,0.999999995,0.0
What charitable causes has Taylor Swift supported?," She has also donated to the Dolly Parton Fire Fund, the Nashville Symphony, and the Global Youth Service Corps. Taylor Swift has supported the UNICEF Tap Project, the Global Youth Service Corps, the Red Cross to help with the disaster in Haiti, and the Make-A-Wish Foundation to name just a few. 

Taylor Swift has also donated to the V Foundation for Cancer Research, the Movember Foundation, and the Cystic Fibrosis Foundation.  She has also donated to the NAACP Legal Defense and Educational Fund, the NAACP Legal Defense and Educational Fund, and the V Foundation for Cancer Research.  She has also donated to the UNICEF Tap Project, the Global Youth Service Corps, and the Red Cross to help with the disaster in Haiti.  She has also donated to the V Foundation for Cancer Research, the Movember Foundation, and the Cystic Fibrosis Foundation. 

Taylor Swift has also donated to the UNICEF Tap Project, the Global Youth Service Corps, and the Red Cross. 

Taylor Swift has also donated to the Dolly Parton Fire Fund, the Tennessee Equality Project, and the Human Rights Campaign. 

Taylor Swift has also donated to the Nashville Symphony, the Country Music Hall of Fame and Museum, the Tennessee Equality Project, and the Global Youth Service Corps. ","Taylor Swift has supported Global Youth Service Day, the World Health Organization, Feeding America, and the Joyful Heart Foundation. She also donated to fellow singer-songwriter Kesha to help with her legal battles against Dr. Luke and offered one of her signed guitars as part of an auction to raise money for the National Health Service.",0.11111111111111109,0.999999995,0.0
What was the lead single from Taylor Swift's fourth studio album?," The song's production was a departure from her previous country-pop sound, which was characterized by a more mature and mature sound.  The song's message of love, heartbreak, and. The lead single from Taylor Swift's fourth studio album was ""Love Story"".  The song's message of love, heartbreak, and embracing one's individuality resonated with the public and was a departure from her previous country-pop sound.  The song was released as the album's second single and became Swift's first single to not be released as a promotional single.  The song's production was handled by Swift's vocal team, with contributions from Swift's vocal coaches, vocal directors, and engineers. ","The lead single from Taylor Swift's fourth studio album was ""We Are Never Ever Getting Back Together"".",0.09615384615384615,0.999999995,0.0
What is the best selling merchandise item from Taylor Swift's Reputation Tour?," The ""Taylor Swift"".  The T-shirt is available in different sizes and has a red and white design.  The ""Taylor Swift"" T-shirt is available in different colors and has a red and white design.  The ""Taylor Swift"" T-shirt is a great way to show support for Taylor Swift and her music.  The T-shirt features Taylor Swift's signature and is available in different colors.  It also has a red and white design.  The ""Taylor Swift"" T-shirt is available in different sizes and has a red and white design. ","Taylor Swift's Reputation Tour was a massive success, and the best selling merchandising item was the Reputation Stadium Tour hoodie. The hoodie was a popular item among fans, and it featured the album artwork on the front and the tour dates on the back. The hoodie was available in a variety of colors, including black, white, and gray. The hoodie was a must-have item for fans who wanted to show their support for Taylor Swift and her Reputation Tour.",0.26744186046511625,0.999999995,0.0
"What is the best way for a loyal fan to get tickets to Taylor Swift's Live from Paris concert, where she will be performing songs from her Red album?"," Additionally, the fan club offers a variety of ways for fans to interact with Taylor Swift, including signing up for her official social media accounts and other ways to stay connected.  The official Taylor Swift fan club is a great way for a loyal fan to get tickets to Taylor Swift's Live from Paris.  The best way for a loyal fan to get tickets to Taylor Swift's Live from Paris is to be a member of the official Taylor Swift fan club.  Finally, members also receive access to exclusive pre-sale opportunities for other Taylor Swift merchandise and other items.  Additionally, the club also offers a variety of ways for fans to interact with Taylor Swift, including signing up for her social media accounts and other ways to stay connected. The best way for a loyal fan to get tickets to Taylor Swift's Live from Paris is to sign up for her official fan club, which offers exclusive access to pre-sale tickets.  Members receive exclusive access to pre-sale tickets, as well as other exclusive opportunities.  The club also offers a variety of ways for fans to purchase tickets, including pre-sale access to the concert, as well as other exclusive opportunities.  Additionally, members also receive exclusive access to Taylor Swift's social media accounts, including Instagram, Twitter, and Facebook. ","The best way for a loyal fan to obtain tickets to Taylor Swift's ""Live from Paris"" concert is to visit the official Taylor Swift website and sign up for her mailing list. This will ensure that the fan is notified of any upcoming concerts or events, including the ""Live from Paris"" concert. Additionally, the fan can check local ticket vendors and websites for any available tickets. It is also recommended to check social media platforms, such as Twitter and Facebook, for any updates or announcements regarding the concert.",0.20833333333333334,0.999999995,0.0
Who is Taylor Swifts husband?," They have been friends for several years and have become close friends through their social media posts.  Taylor Alwyn has also written songs about Taylor Swift's life and career.  She was raised in West Reading and has has been friends with many of her family members for many years. 

Taylor Swift's childhood was in West Reading, Pennsylvania.  They have a son, Taylor Alwyn, who is also a musician. Taylor Swift's husband is Joe Alwyn.  She has also written songs about her childhood.  She was raised in West Reading and has been friends with many of her family members for many years. ","As of my knowledge cutoff, Taylor Swift was not married.",0.029702970297029705,0.999999995,0.0
What is the controversy surrounding Taylor Swift's Red album and how does it appeal to millennial fans?," The album's second single, ""Love Story"", was a huge disappointment for the older generation of singers and it was a huge hit with the younger generation of singers.  The album was a departure from her previous country music style and it appealed to a younger generation of singers.  The controversy surrounding Taylor Swift's Red album and how it appeals to millennia fans was that the album was a departure from her previous country music style and it was a departure from her previous sound.  The album's second single, ""Love Story"", was a huge disappointment.  This controversy highlights the importance of nuance in music and the importance of nuance in a singer's voice.  The album's second single, ""Love Story"" was a huge disappointment for the older generation of singers and it was a huge hit with the younger generation of singers. Taylor Swift's Red album was released in 2017 and it was a huge success.  The album's lead single, ""Willow"", was a huge success and it was a hit with the younger generation of singers.  Taylor Swift's Red album was a departure from her previous country music style and it was a departure from her previous sound. ","Taylor Swift's Red album was released in 2012 and it was a huge success, selling over 1.2 million copies in its first week. However, there was a controversy surrounding the album, as some fans accused Taylor of selling out and going mainstream. The album was a departure from her previous country music sound and featured more pop and dance elements. Despite the controversy, the album appealed to millennial fans because it was relatable and spoke to their experiences. The songs on the album were about love, heartbreak, and growing up, which resonated with many young people. Additionally, Taylor's personal brand and image were a big part of the album's success. She was seen as a relatable and authentic person, which appealed",0.2908163265306122,0.999999995,0.0
How many albums has Taylor Swift sold in the US as of 2019?,"Taylor Swift has sold over 200 million records in the US.  as of 2019. 

Taylor Swift has sold over 200 million records in the U. 

Taylor Swift has. S.  The exact number may vary depending on the time of inquiry, as she continues to release new albums and music videos. ",Taylor Swift has sold over 37.3 million albums in the US as of 2019.,0.24,0.999999995,0.0
What is the controversy surrounding Taylor Swift's Reputation album merchandise? How can a millennial song lover get tickets to her live concert in Paris?," The merchandise was also available in different sizes and colors. .  The merchandise included a variety of items such as t-shirts, hoodies, and hats.  The merchandise was also available in different sizes such as a size 10, a size 12, and a size 14.  The album's merchandise was also a huge success because it was a huge hit among her fans.  What is the best way for a song lover to purchase tickets to her Reputation album?Taylor Swift's Reputation album was released in October 2010 and it was a huge success.  The merchandise also included a variety of items such as t-shirts, hoodies, and hats that were made in different countries.  The merchandise was also available in different colors such as white, black, and red.  The merchandise was also available in different types of packaging. 2 million copies in the first week of its release.  The album was a huge success because it sold over 1. ","Taylor Swift's Reputation album has been surrounded by controversy due to the use of the snake emoji in her merchandise. The snake emoji was used by her fans to represent her ""snake"" persona, but it was also used by her critics to represent her ""snake"" behavior. The controversy arose when Swift's team filed a trademark for the snake emoji, which was seen as a way to control the use of the emoji by her fans.
To get tickets to Taylor Swift's live concert in Paris, a millennial song lover can visit the official Taylor Swift website and sign up for her mailing list. This will give them access to pre-s",0.1987179487179487,0.999999995,0.0
What is the reason behind Taylor Swift's loyal followers?,"Taylor Swift's loyal followers are due to her loyal followers being able to purchase tickets for her upcoming tour.  This is to ensure that her fans are able to get their hands on the tickets as quickly as possible. 

Taylor Swift's loyal followers are also to be able to be able to be able to get their hands on her merchandise such.  This is to ensure that she continues to grow her fan base and continues to be a popular and successful artist. 

Taylor Swift's loyal followers are also to be able to be able to get their hands on her merchandise such as hats, t-shirts, and hoodies. 

Taylor Swift's loyal followers are also to be able to purchase her merchandise such as hats, t-shirts, and hoodies.  Additionally, the loyal followers are also to be able to support her and her music. ","Taylor Swift's loyal followers are a result of her relatable and authentic personality. She has always been open about her personal life and struggles, which has made her fans feel connected to her. Additionally, her music is often about love, heartbreak, and other relatable topics, which resonates with her fans. Finally, Taylor Swift is a hard worker and has always been dedicated to her craft, which has earned her respect and admiration from her fans.",0.18309859154929578,0.999999995,0.0
What has Taylor Swift accomplished at the age of 22?,"

Taylor Swift's career has been influenced by her upbringing in Nashville, and her experiences in the music industry. Taylor Swift has achieved numerous accolades at the age of 22.  She has used her platform to advocate for causes such as gender equality, LGBTQ+ rights, and social change.  She has won numerous awards, including Artist of the Decade (2010s) at the American Music Awards, and Global Icon at the Brit Awards.  She has also become a vocal advocate for causes such as equal pay, LGBTQ+ rights, and social change.  She has used her platform to advocate for causes such as equality,.  She has also become a role model for young women to follow.  Taylor Swift's career has been influenced by her upbringing in Nashville, and her experiences in the music industry.  Overall, Taylor Swift has achieved numerous accolades at the age of 22.  She has become a global icon, with numerous awards and accolades to her name. ",Taylor Swift has shattered every expectation of what a 22-year-old can accomplish.,0.032051282051282055,0.999999995,0.0
What is the name of the tour that taylor swift is currently on? How many concerts has she performed so far? What is the name of the album that she released in 2010?,,"Taylor Swift is currently on her Reputation Stadium Tour. She has performed 45 concerts so far. The album that she released in 210 is called ""Speak Now"".",0.0,0.999999995,0.0
What is Taylor Swift's estimated net worth?, She has a net worth of $1.  She has a net worth of $10 billion in 2023.  She has a net worth of $2 billion in 2023.  She has a net worth of $4 billion in 2023.  She has a net worth of $5 billion in 2023.  She has a net worth of $750 million in 2023.  She has a net worth of $1 billion in 2023.  She has a net worth of $3 billion in 2023.  She has a net worth of $900 million in 2023.  She has a net worth of $740 million in 2023.  She has a net worth of $500 million in 2023.  She has a net worth of $100 million in 2023.  She has a net worth of $850 million in 2023.  She has a net worth of $2 billion in.  She has a net worth of $200 million in 2023.  She has a net worth of $1 million in 2023.  She has a net worth of $800 million in 2023. 5 billion in 2023. ,"Taylor Swift's net worth in 2023 is up to $740 million, according to Forbes.",0.02352941176470588,0.999999995,0.0
What is the most popular merchandise item among millenial taylor swift fans? How does the celebrity status of taylor swift affect the sales of her merchandise? What is the average age of millenial taylor swift fans who purchase her merchandise?,,"Taylor Swift is a popular singer and songwriter who has a large fan base among millennials. Her merchandise items are also very popular among her fans. The most popular merchandise item is her signature red lipstick, which is sold in her online store. The celebrity status of Taylor Swift has a significant impact on the sales of her merchandice. Her fans are more likely to purchase her merchandise because of her celebrity status. The average age of millennial Taylor Swift fans who purchase her merchandice is between 18 and 30 years old.",0.0,0.999999995,0.0
JGDAYGWAHIFJOLMADKJWBH,,I’m having trouble understanding you. Can you try again?,0.0,0.999999995,0.0
What styles did Taylor Swift incorporate in her album Red?," The album's lead single, ""Dear John,"" was released as a promotional single for the red tour. 

Taylor Swift's fourth single, ""Shake It Off,"" was released as a promotional single for the red tour. "" The song's message of self-discovery and embracing one's individuality resonated with fans and led to a fourth single, ""Bad Blood. "" The song's second single, ""Bad Blood,"" was released as a promotional single for the red tour.  The song's message of betrayal and revenge resonated with fans and led to a third single, ""Shake It Off. "" The album Red was a departure from Taylor Swift's previous country music and was a departure from her previous pop music.  The album Red was a departure from her previous country music and was a departure from her previous pop music. Taylor Swift incorporated indie folk, country, and rock styles in her album Red.  The song's message of self-discovery and embracing one's individuality resonated with fans and led to a fifth single, ""Bad Blood.  The song's message of love, heartbreak, and self-discovery resonated with fans and led to a second single, ""Love Story. "" The song's message of betrayal and revenge resonated with fans and led to a sixth single, ""Love Story. "" The album Red was a departure from. ","Taylor Swift incorporated many pop and rock styles such as heartland rock, dubstep and dance-pop in her album Red.",0.06161137440758293,0.999999995,0.0
What features are on the roadmap for Taylor Swift?," Stay tuned!

The Taylor Swift Roadmap for 2016 is a list of features, milestones, and milestones to come. The Taylor Swift Roadmap for 2019 is a list of features, milestones, and milestones to come.  Stay tuned!

The Taylor Swift Roadmap for 2015 is a list of features, milestones, and milestones to come.  Stay tuned!

The Taylor Swift Roadmap for 2017 is a list of features, milestones, and milestones to come.  Stay tuned!

The Taylor Swift Roadmap for 2014 is a list of features, milestones, and milestones to come.  The list is constantly evolving, so it's best to check back with us.  Stay tuned!

The Taylor Swift Roadmap for 2018 is also a list of milestones, milestones, and milestones to come. ","According to Taylor Swift's website, their roadmap includes features such as simpler language interfaces, enhanced security measures, and integrations with popular third-party tools. They also plan to continue improving their user interface and overall user experience.",0.05833333333333333,0.999999995,0.0
"How much did Taylor Swift's masters, videos and artworks sell for?","Taylor Swift's masters, videos and artworks sold over $100 million.  Her masterful artworks and music videos were featured in multiple music videos and featured in multiple music videos.  Her master.  Her masterful artworks and music videos were also featured in multiple music videos and featured in multiple music videos.  The majority of her artworks were sold in limited editions. ","Taylor Swift's masters, videos and artworks sold for a reported $300 million.",0.13559322033898305,0.999999995,0.0
What is the significance of the album Red in Taylor Swift's career? How has it impacted her music and her fan base?," The album's release was met with critical acclaim, with many fans praising the album's mature and deeper tone.  Overall, Red has helped to cement Taylor Swift's status as a pop icon.  It has also impacted Taylor Swift's music and her fan base in a significant way.  It has also impacted.  The album's release also sparked a debate among fans and critics, with some fans defending the album and others criticizing it for being too pop-oriented.  The album's release has helped to cement Taylor Swift's status as a pop icon.  It also has impacted her music and her fan base in a significant way.  It has also sparked a debate among fans and critics, with some fans defending the album and others criticizing it for being too pop-oriented. Taylor Swift's album Red has been a significant milestone in her career. ","Taylor Swift's album Red is significant in her career as it marked a departure from her previous country pop sound to a more pop-oriented style. This album also saw her collaborating with a number of high-profile producers and songwriters, including Max Martin, Shellback, and Dan Wilson. The album's lead single, ""We Are Never Ever Getting Back Together,"" became Swift's first number-one single on the Billboard Hot 100 chart, and the album itself debuted at number one on the Billboard 200 chart. Red also saw Swift exploring more personal themes in her music, such as heartbreak and relationships, which resonated with her fans. The album's success helped solidify Swift's",0.28776978417266186,0.999999995,0.0
Who are some of Taylor Swift's career role models?,".  She has also shown interest in modeling and acting.  She has donated to numerous charitable causes and organizations, including education, disaster relief efforts, and music education programs. Taylor Swift has several career role models, including Joe Alwyn, Tom Hiddleston, Taylor Lautner, John Mayer, and Jake Gyllenhaal. 

Taylor Swift has also shown interest in philanthropy and giving. ","Taylor Swift's career role models include Paul McCartney, Bruce Springsteen, Bryan Adams, the Rolling Stones, Emmylou Harris, Kris Kristofferson, and Carly Simon.",0.07017543859649124,0.999999995,0.0
What is the controversy surrounding Taylor Swift's Speak Now album and the tickets for her concerts?," She also said that she was working on making the tickets more affordable for her fans.  The taylor swift taylor swift taylor swift email was also shared by Taylor Swift's manager, Joe Alwyn. 

Taylor Swift's fans have expressed their disappointment in the tickets for her concerts by sending them a taylor swift taylor swift taylor swift taylor swift taylor swift taylor swift email. Taylor Swift's Speak Now album was released in October 2010 and the tickets for her concerts were a topic of controversy.  The taylor swift taylor swift taylor swift email was also shared on social media.  The controversy arose when fans complained that the tickets were too expensive and that they were not able to get them.  The email was written in response to the controversy and stated that Taylor Swift was working on making the tickets more affordable for her fans.  The tickets were sold out within minutes of going on sale, leaving many fans disappointed.  Taylor Swift responded to the controversy by saying that she was sorry that some fans were not able to get tickets and that she would try to make it up to them.  He also said that Taylor Swift was a talented singer and that she would.  The email also included a link to the ticket purchase page where fans could purchase tickets. ","Taylor Swift's Speak Now tour was surrounded by controversy due to the high demand for tickets and the way they were being sold. Many fans complained that the tickets were being sold at inflated prices on secondary markets, and that the official ticket sales were not meeting the demand. This led to many fans being unable to get tickets, and some even resorted to buying tickets from scalpers at much higher prices. Taylor Swift herself was not involved in the ticket sales, but she did address the issue in a statement, saying that she was sorry that some fans were unable to get tickets and that she was working on finding a solution.",0.30316742081447967,0.999999995,0.0
Where did Taylor Swift attend high school?,"Taylor Swift attended high school at the University of Southern California.  She has released music in different genres and has collaborated with different artists. 

Taylor Swift's personal life has been known to be diverse.  She has expressed a religious affiliation in the past, but has not publicly stated a specific religious affiliation. 

Taylor Swift's religious affiliation is unknown.  She has shared personal information on her social media accounts, including photos, videos, and updates.  She has not publicly shared any personal information on her social media accounts.  She has been in relationships in the past, but has not publicly disclosed any personal details.  She has been in relationships in the past, but has not publicly disclosed any personal details about her personal life.  She graduated in 2015.  She has expressed a political affiliation in the past, but has not publicly stated a specific political affiliation. 

Taylor Swift's political affiliation is unknown. 

Taylor Swift's social media presence is unknown.  Her music has been featured in different media, including music videos and social media posts. 

Taylor Swift's social media presence is known to be diverse. ",Taylor Swift attended Wyomissing Area Junior/Senior High School in Pennsylvania.,0.021978021978021976,0.999999995,0.0
What did Taylor Swift encourage fans to do ahead of the release of Speak Now (Taylor’s Version)?,"

Taylor Swift also encouraged fans to “run as fast as you can” from the release of the sixth single, “Shake It Off”. 

Taylor Swift also encouraged fans to “run as fast as you can” from the release of the second single, “Shake It Off”. Taylor Swift encouraged fans to “run as fast as you can” and “run as fast as you can” from the release of Speak Now (Taylor’s Version). 

Taylor Swift also encouraged fans to “run as fast as you can” from the release of the fourth single, “Shake It Off”.  This was in addition to encouraging them to “run as fast as you can” from the release of the seventh single, “Bad Blood”.  This was in addition to encouraging them to “run as fast as you can” from the release of the fifth single, “Love Story”.  This was in addition to encouraging them to “run as fast as you can” from the release of the first single from the album, “Love Story”. 

Taylor Swift also encouraged fans to “run as fast as you can” from the release of the eighth single, “Love Story”.  This was in addition to encouraging them to “run as fast as you can” from the release of the third single, “Bad Blood”. ","Ahead of the release of Speak Now (Taylor’s Version), Taylor Swift encouraged fans to spread kindness online instead of hate.",0.0625,0.999999995,0.0
What recognition did Taylor Swift receive from Billboard in recognition of her cultural impact?," She was the first female musician to receive the award.  The award was given to her for her song ""Dear John"" and was presented to her by the singer's manager, Joe Alwyn. 

Taylor Swift was the first female musician to receive the Billboard Woman of the Year award. 

Taylor Swift was the first female musician to receive the Billboard Music Awards' Artist of the Decade award. Taylor Swift received the Billboard Woman of the Year award in recognition of her cultural impact. 

Taylor Swift was the first female musician to receive the Billboard Music Awards' Songwriter Icon Award. ",Taylor Swift received the title Woman of the Decade (2010s) from Billboard.,0.08163265306122448,0.999999995,0.0
